[
  {
    "id": "0",
    "title": "Lavar as mãos",
    "text": "Lavar as mãos com água e sabão por pelo menos 20 segundos é o mais efetivo na eliminação do vírus. Use álcool em gel apenas quando não puder lavar mãos.",
    "icon": "handWash",
    "alt": ""
  },
  {
    "id": "1",
    "title": "Evite tocar o rosto",
    "text": "Evite tocar o rosto, principalmente na região dos olhos, nariz e boca com as mãos não lavadas.",
    "icon": "face",
    "alt": ""
  },
  {
    "id": "2",
    "title": "Ao tossir ou espirrar",
    "text": "Cobrir a boca e nariz ao tossir ou espirrar. Utilize um lenço ou coloque o braço em frente ao rosto. Não use as mãos.",
    "icon": "cough",
    "alt": ""
  },
  {
    "id": "3",
    "title": "Não partilhe objetos",
    "text": "Não partilhe objetos de uso pessoal, como talheres, toalhas, pratos e copos. Evite contato físico, como apertos de mão e abraços e, sempre que possível, limpe as mãos após tocar em um fômite (maçanetas, dinheiro, corrimões, etc).",
    "icon": "metal",
    "alt": ""
  },
  {
    "id": "4",
    "title": "Se apresentar sintomas",
    "text": "Se entrar em contato com alguém infectado, permaneça em casa durante 14 dias para evitar a propagação e, caso comece a apresentar algum dos sintomas, procure ajuda médica.",
    "icon": "quarantine",
    "alt": ""
  },
  {
    "id": "5",
    "title": "Evite aglomerações",
    "text": "Evite aglomerações e mantenha os ambientes ventilados. Saia de casa somente se necessário.",
    "icon": "openDoor",
    "alt": ""
  }
]
